ID_da_instituicao	Ano	Publicacoes
100000002	2010	292
100000002	2013	366
100000002	2014	416
100000002	2015	377
100000002	2011	327
100000002	2012	321
200000004	2010	309
200000004	2011	284
200000004	2012	378
200000004	2013	334
200000004	2014	273
200000004	2015	225
200000993	2010	723
200000993	2011	939
200000993	2012	1087
200000993	2013	856
200000993	2014	888
200000993	2015	591
300000006	2012	1158
300000006	2013	1131
300000006	2014	1370
300000006	2015	1192
300000006	2011	1109
300000006	2010	866
300000995	2010	436
300000995	2011	475
300000995	2012	420
300000995	2013	464
300000995	2014	381
300000995	2015	358
400000008	2011	61
400000008	2012	54
400000008	2013	64
400000008	2014	51
400000008	2015	52
400000008	2010	44
400000997	2010	401
400000997	2011	439
400000997	2012	443
400000997	2013	390
400000997	2014	518
400000997	2015	453
500000000	2010	1078
500000000	2011	1209
500000000	2012	1405
500000000	2013	1485
500000000	2014	1460
500000000	2015	1253
500000999	2010	265
500000999	2011	278
500000999	2012	352
500000999	2015	209
500000999	2013	263
500000999	2014	215
600000001	2010	905
600000001	2011	873
600000001	2012	1036
600000001	2013	786
600000001	2014	803
600000001	2015	1034
600000990	2011	233
600000990	2013	249
600000990	2014	193
600000990	2015	173
600000990	2010	283
600000990	2012	218
700000003	2014	49
700000003	2010	22
700000003	2011	26
700000003	2012	35
700000003	2015	26
700000003	2013	24
700000992	2010	220
700000992	2011	248
700000992	2012	263
700000992	2013	315
700000992	2014	194
700000992	2015	205
800000994	2010	215
800000994	2011	170
800000994	2012	199
800000994	2013	208
800000994	2014	171
800000994	2015	154
900000007	2012	184
900000007	2010	141
900000007	2013	154
900000007	2014	195
900000007	2015	166
900000007	2011	126
900000996	2010	130
900000996	2012	158
900000996	2014	108
900000996	2015	111
900000996	2011	135
900000996	2013	131
1000000998	2012	128
1000000998	2013	160
1000000998	2015	86
1000000998	2010	127
1000000998	2014	105
1000000998	2011	132
1100000990	2011	125
1100000990	2012	98
1100000990	2014	101
1100000990	2015	79
1100000990	2010	132
1100000990	2013	111
1200000002	2014	152
1200000002	2011	88
1200000002	2010	61
1200000002	2013	95
1200000002	2015	86
1200000002	2012	58
1200000991	2010	94
1200000991	2011	96
1200000991	2012	98
1200000991	2013	93
1200000991	2014	75
1200000991	2015	133
1300000993	2010	94
1300000993	2011	76
1300000993	2012	79
1300000993	2015	90
1300000993	2013	77
1300000993	2014	74
1400000006	2013	49
1400000006	2010	33
1400000006	2014	44
1400000006	2015	41
1400000006	2011	51
1400000006	2012	44
1400000995	2010	92
1400000995	2011	168
1400000995	2012	96
1400000995	2013	184
1400000995	2014	87
1400000995	2015	82
1500000008	2010	995
1500000008	2011	963
1500000008	2012	1154
1500000008	2013	1171
1500000008	2014	1086
1500000008	2015	992
1500000997	2010	65
1500000997	2014	135
1500000997	2015	44
1500000997	2012	72
1500000997	2013	53
1500000997	2011	66
1600000999	2015	42
1600000999	2010	87
1600000999	2011	83
1600000999	2012	75
1600000999	2013	53
1600000999	2014	69
1700000001	2013	233
1700000001	2015	127
1700000001	2011	127
1700000001	2012	150
1700000001	2010	92
1700000001	2014	173
1700000990	2014	63
1700000990	2010	64
1700000990	2011	48
1700000990	2013	60
1700000990	2015	35
1700000990	2012	76
1800000992	2010	71
1800000992	2011	87
1800000992	2012	66
1800000992	2013	58
1800000992	2014	55
1800000992	2015	45
1900000005	2010	125
1900000005	2012	89
1900000005	2015	94
1900000005	2013	77
1900000005	2014	101
1900000005	2011	71
1900000994	2010	55
1900000994	2011	39
1900000994	2012	32
1900000994	2013	51
1900000994	2014	30
1900000994	2015	25
2000000996	2011	117
2000000996	2013	110
2000000996	2014	106
2000000996	2010	37
2000000996	2012	46
2000000996	2015	31
2100000009	2010	2113
2100000009	2011	1837
2100000009	2012	1819
2100000009	2013	1791
2100000009	2014	1935
2100000009	2015	1768
2100000998	2012	59
2100000998	2011	58
2100000998	2010	39
2100000998	2013	51
2100000998	2014	36
2100000998	2015	36
2200000990	2013	18
2200000990	2014	37
2200000990	2010	15
2200000990	2011	20
2200000990	2015	18
2200000990	2012	13
2500000006	2012	752
2500000006	2014	499
2500000006	2010	334
2500000006	2011	432
2500000006	2013	454
2500000006	2015	409
2500000995	2011	18
2500000995	2015	35
2500000995	2012	18
2500000995	2013	17
2500000995	2014	44
2500000995	2010	10
2700000000	2010	24
2700000000	2014	37
2700000000	2012	32
2700000000	2013	48
2700000000	2011	25
2700000000	2015	32
2800000001	2010	232
2800000001	2013	299
2800000001	2012	272
2800000001	2014	276
2800000001	2011	242
2800000001	2015	240
2800000990	2011	18
2800000990	2010	18
2800000990	2012	22
2800000990	2014	15
2800000990	2015	10
2800000990	2013	19
2900000003	2010	151
2900000003	2013	255
2900000003	2014	168
2900000003	2015	232
2900000003	2011	77
2900000003	2012	96
3200000009	2013	26
3200000009	2010	36
3200000009	2012	28
3200000009	2014	22
3200000009	2015	12
3200000009	2011	20
3900000001	2010	2785
3900000001	2011	4437
3900000001	2012	2730
3900000001	2013	3491
3900000001	2014	3423
3900000001	2015	2373
4000000003	2011	347
4000000003	2014	281
4000000003	2013	281
4000000003	2012	328
4000000003	2010	272
4000000003	2015	244
4100000005	2010	404
4100000005	2011	697
4100000005	2012	644
4100000005	2013	689
4100000005	2014	465
4100000005	2015	323
4300000009	2010	2342
4300000009	2011	2608
4300000009	2012	2534
4300000009	2013	2643
4300000009	2014	2911
4300000009	2015	2743
4400000000	2010	712
4400000000	2011	980
4400000000	2012	797
4400000000	2013	1139
4400000000	2014	1009
4400000000	2015	883
4500000002	2010	1300
4500000002	2011	1567
4500000002	2012	2505
4500000002	2013	2384
4500000002	2014	2240
4500000002	2015	1683
4700000006	2010	33
4700000006	2011	28
4700000006	2012	34
4700000006	2013	15
4700000006	2014	30
4700000006	2015	19
5800000006	2012	82
5800000006	2013	79
5800000006	2015	84
5800000006	2010	88
5800000006	2011	98
5800000006	2014	73
5900000008	2015	438
5900000008	2010	271
5900000008	2012	341
5900000008	2011	359
5900000008	2013	388
5900000008	2014	428
6100000001	2010	31
6100000001	2011	43
6100000001	2015	42
6100000001	2013	43
6100000001	2012	50
6100000001	2014	50
6200000003	2010	3569
6200000003	2011	3749
6200000003	2012	3590
6200000003	2013	3419
6200000003	2014	3250
6200000003	2015	2904
6700000002	2010	14928
6700000002	2011	14564
6700000002	2012	13426
6700000002	2013	14983
6700000002	2014	15481
6700000002	2015	14448
6900000006	2010	45
6900000006	2011	53
6900000006	2013	34
6900000006	2015	26
6900000006	2014	53
6900000006	2012	46
7000000008	2010	523
7000000008	2012	654
7000000008	2014	717
7000000008	2015	664
7000000008	2011	602
7000000008	2013	652
7100000000	2011	123
7100000000	2010	77
7100000000	2012	48
7100000000	2015	54
7100000000	2013	49
7100000000	2014	61
7200000001	2011	160
7200000001	2013	103
7200000001	2014	139
7200000001	2010	139
7200000001	2015	84
7200000001	2012	157
7700000000	2010	261
7700000000	2011	244
7700000000	2012	287
7700000000	2013	247
7700000000	2014	293
7700000000	2015	593
7900000004	2010	4799
7900000004	2011	4550
7900000004	2012	5044
7900000004	2013	4945
7900000004	2014	4767
7900000004	2015	4459
8000000006	2010	799
8000000006	2011	859
8000000006	2012	944
8000000006	2013	999
8000000006	2014	954
8000000006	2015	890
8200000000	2011	339
8200000000	2012	338
8200000000	2010	392
8200000000	2014	311
8200000000	2013	309
8200000000	2015	306
8300000001	2010	870
8300000001	2011	1013
8300000001	2012	1054
8300000001	2013	1219
8300000001	2014	984
8300000001	2015	963
8400000003	2010	380
8400000003	2011	445
8400000003	2013	944
8400000003	2014	534
8400000003	2015	653
8400000003	2012	341
8700000009	2010	811
8700000009	2012	515
8700000009	2013	508
8700000009	2014	667
8700000009	2015	495
8700000009	2011	487
8900000002	2010	1642
8900000002	2011	1853
8900000002	2012	1821
8900000002	2014	1950
8900000002	2015	1562
8900000002	2013	1779
9200000008	2011	2051
9200000008	2012	1970
9200000008	2013	1976
9200000008	2014	2043
9200000008	2010	1954
9200000008	2015	1425
9800000009	2012	91
9800000009	2015	75
9800000009	2010	85
9800000009	2011	82
9800000009	2013	80
9800000009	2014	79
10200000001	2011	224
10200000001	2013	222
10200000001	2014	240
10200000001	2012	87
10200000001	2015	115
10200000001	2010	58
10300000003	2010	1896
10300000003	2011	2195
10300000003	2012	2033
10300000003	2013	2591
10300000003	2014	2222
10300000003	2015	2250
10400000005	2015	114
10400000005	2010	102
10400000005	2011	110
10400000005	2012	95
10400000005	2013	89
10400000005	2014	104
10600000009	2010	1193
10600000009	2011	1034
10600000009	2012	1259
10600000009	2013	1711
10600000009	2014	1418
10600000009	2015	1240
11000000006	2012	19
11000000006	2013	32
11000000006	2015	20
11000000006	2010	37
11000000006	2011	31
11000000006	2014	12
11100000008	2010	371
11100000008	2011	432
11100000008	2012	394
11100000008	2013	511
11100000008	2014	520
11100000008	2015	490
12800000009	2014	32
12800000009	2010	41
12800000009	2012	34
12800000009	2011	33
12800000009	2013	30
12800000009	2015	27
13800000007	2012	33
13800000007	2014	22
13800000007	2010	29
13800000007	2015	25
13800000007	2013	30
13800000007	2011	31
14000000000	2011	465
14000000000	2013	243
14000000000	2014	268
14000000000	2010	434
14000000000	2015	203
14000000000	2012	331
16300000002	2010	44
16300000002	2014	56
16300000002	2011	47
16300000002	2015	53
16300000002	2012	26
16300000002	2013	51
16700000000	2010	486
16700000000	2011	611
16700000000	2012	521
16700000000	2013	586
16700000000	2015	594
16700000000	2014	599
19200000005	2010	3400
19200000005	2011	4307
19200000005	2012	3990
19200000005	2013	3996
19200000005	2014	4638
19200000005	2015	4464
20100000007	2012	109
20100000007	2015	97
20100000007	2010	47
20100000007	2013	70
20100000007	2011	47
20100000007	2014	79
20200000009	2010	5144
20200000009	2011	5449
20200000009	2012	5479
20200000009	2013	5506
20200000009	2014	5608
20200000009	2015	6398
20700000008	2010	299
20700000008	2011	330
20700000008	2012	843
20700000008	2013	335
20700000008	2014	359
20700000008	2015	295
21100000005	2010	514
21100000005	2014	512
21100000005	2015	431
21100000005	2011	552
21100000005	2013	592
21100000005	2012	539
21200000007	2012	21
21200000007	2015	19
21200000007	2013	18
21200000007	2014	24
21200000007	2010	23
21200000007	2011	23
21700000006	2012	202
21700000006	2013	221
21700000006	2014	188
21700000006	2010	216
21700000006	2015	214
21700000006	2011	211
22900000008	2012	80
22900000008	2010	55
22900000008	2014	74
22900000008	2015	71
22900000008	2011	62
22900000008	2013	67
23100000001	2011	64
23100000001	2013	70
23100000001	2014	78
23100000001	2010	86
23100000001	2012	60
23100000001	2015	42
24000000008	2010	1585
24000000008	2011	1548
24000000008	2012	1471
24000000008	2013	2036
24000000008	2014	1844
24000000008	2015	1473
24500000007	2010	27
24500000007	2015	105
24500000007	2011	25
24500000007	2012	25
24500000007	2013	16
24500000007	2014	31
24700000000	2010	165
24700000000	2011	240
24700000000	2012	189
24700000000	2013	185
24700000000	2014	152
24700000000	2015	101
24800000002	2015	213
24800000002	2013	189
24800000002	2014	181
24800000002	2011	214
24800000002	2012	158
24800000002	2010	202
25500000005	2013	36
25500000005	2011	17
25500000005	2014	49
25500000005	2010	21
25500000005	2012	30
25500000005	2015	45
25900000002	2015	46
25900000002	2011	39
25900000002	2014	44
25900000002	2012	76
25900000002	2010	47
25900000002	2013	64
27500000001	2011	40
27500000001	2010	46
27500000001	2012	49
27500000001	2013	42
27500000001	2014	49
27500000001	2015	44
28200000004	2011	152
28200000004	2012	158
28200000004	2013	138
28200000004	2014	87
28200000004	2015	60
28200000004	2010	80
28700000003	2012	64
28700000003	2010	50
28700000003	2011	48
28700000003	2013	53
28700000003	2014	36
28700000003	2015	44
29100000000	2010	1098
29100000000	2011	1605
29100000000	2012	1069
29100000000	2013	1362
29100000000	2014	1349
29100000000	2015	995
32100000000	2010	170
32100000000	2012	302
32100000000	2013	270
32100000000	2014	263
32100000000	2015	561
32100000000	2011	161
32300000004	2011	546
32300000004	2012	491
32300000004	2014	549
32300000004	2010	381
32300000004	2013	541
32300000004	2015	528
32600000000	2010	1501
32600000000	2011	2275
32600000000	2012	3165
32600000000	2013	1765
32600000000	2014	1801
32600000000	2015	1802
32700000001	2010	1427
32700000001	2011	1708
32700000001	2012	1829
32700000001	2014	2194
32700000001	2015	2173
32700000001	2013	2174
32900000005	2010	1065
32900000005	2011	1274
32900000005	2012	1131
32900000005	2013	1319
32900000005	2014	1370
32900000005	2015	1432
33000000007	2010	5336
33000000007	2011	5833
33000000007	2012	5936
33000000007	2013	6458
33000000007	2014	5822
33000000007	2015	5952
33100000009	2011	421
33100000009	2014	468
33100000009	2015	432
33100000009	2010	389
33100000009	2012	420
33100000009	2013	394
33200000000	2011	571
33200000000	2012	596
33200000000	2013	681
33200000000	2014	646
33200000000	2015	618
33200000000	2010	511
33300000002	2010	4100
33300000002	2011	4724
33300000002	2012	4896
33300000002	2013	5050
33300000002	2014	5171
33300000002	2015	5048
33400000004	2010	326
33400000004	2012	504
33400000004	2013	490
33400000004	2014	490
33400000004	2011	353
33400000004	2015	438
33500000006	2010	1312
33500000006	2011	1409
33500000006	2012	1705
33500000006	2013	1514
33500000006	2014	1661
33500000006	2015	1491
33600000008	2010	1753
33600000008	2011	1894
33600000008	2012	1838
33600000008	2013	1944
33600000008	2015	1693
33600000008	2014	1885
33700000000	2010	1121
33700000000	2011	1112
33700000000	2012	1063
33700000000	2013	1236
33700000000	2014	1245
33700000000	2015	1206
33800000001	2010	693
33800000001	2011	805
33800000001	2013	700
33800000001	2014	659
33800000001	2015	771
33800000001	2012	745
38400000005	2010	552
38400000005	2011	659
38400000005	2012	522
38400000005	2013	552
38400000005	2014	558
38400000005	2015	591
38800000002	2014	80
38800000002	2010	66
38800000002	2011	77
38800000002	2013	45
38800000002	2015	52
38800000002	2012	82
39000000006	2011	25
39000000006	2010	21
39000000006	2013	12
39000000006	2014	20
39000000006	2015	19
39000000006	2012	23
39200000000	2010	772
39200000000	2011	847
39200000000	2012	854
39200000000	2013	856
39200000000	2014	943
39200000000	2015	994
40000000000	2010	32
40000000000	2013	31
40000000000	2011	18
40000000000	2012	34
40000000000	2014	30
40000000000	2015	18
45000000000	2014	25
45000000000	2010	16
45000000000	2012	17
45000000000	2013	19
45000000000	2015	22
45000000000	2011	20
46100000000	2010	12
46100000000	2013	18
46100000000	2015	14
46100000000	2014	18
46100000000	2011	18
46100000000	2012	29
47000000007	2013	66
47000000007	2014	48
47000000007	2011	43
47000000007	2012	38
47000000007	2015	22
47000000007	2010	33
47500000006	2012	52
47500000006	2014	41
47500000006	2011	36
47500000006	2013	35
47500000006	2015	24
47500000006	2010	55
47700000000	2013	34
47700000000	2011	19
47700000000	2010	19
47700000000	2014	61
47700000000	2015	29
47700000000	2012	37
51400000002	2012	182
51400000002	2015	145
51400000002	2011	103
51400000002	2010	108
51400000002	2014	89
51400000002	2013	103
51600000006	2010	52
51600000006	2013	20
51600000006	2015	13
51600000006	2014	10
51600000006	2011	27
51600000006	2012	22
57200000008	2010	20
57200000008	2011	31
57200000008	2014	32
57200000008	2015	32
57200000008	2013	19
57200000008	2012	27
59100000002	2010	217
59100000002	2012	175
59100000002	2013	206
59100000002	2015	174
59100000002	2011	201
59100000002	2014	181
61400000000	2010	243
61400000000	2014	182
61400000000	2015	132
61400000000	2011	215
61400000000	2012	281
61400000000	2013	188
61500000001	2010	40
61500000001	2011	55
61500000001	2013	47
61500000001	2014	37
61500000001	2015	44
61500000001	2012	29
62200000004	2010	148
62200000004	2011	185
62200000004	2013	161
62200000004	2012	82
62200000004	2014	85
62200000004	2015	69
65800000000	2010	381
65800000000	2011	505
65800000000	2012	430
65800000000	2013	372
65800000000	2014	388
65800000000	2015	309
66300000009	2014	15
66300000009	2011	16
66300000009	2010	22
66300000009	2012	25
66300000009	2013	22
66300000009	2015	16
66900000000	2012	104
66900000000	2013	137
66900000000	2010	77
66900000000	2011	78
66900000000	2014	54
66900000000	2015	34
67900000008	2013	146
67900000008	2011	68
67900000008	2014	83
67900000008	2010	57
67900000008	2012	83
67900000008	2015	64
71500000009	2011	77
71500000009	2013	70
71500000009	2014	63
71500000009	2012	68
71500000009	2015	48
71500000009	2010	73
80300000004	2013	250
80300000004	2011	134
80300000004	2010	101
80300000004	2015	155
80300000004	2012	142
80300000004	2014	128
80400000006	2010	571
80400000006	2012	826
80400000006	2013	788
80400000006	2015	709
80400000006	2011	576
80400000006	2014	730
81100000009	2010	188
81100000009	2011	270
81100000009	2015	174
81100000009	2014	209
81100000009	2012	225
81100000009	2013	196
81500000006	2010	68
81500000006	2011	73
81500000006	2014	75
81500000006	2015	71
81500000006	2012	69
81500000006	2013	65
87000000006	2011	463
87000000006	2012	413
87000000006	2014	559
87000000006	2015	431
87000000006	2013	415
87000000006	2010	367
87900000002	2011	161
87900000002	2014	190
87900000002	2010	143
87900000002	2012	161
87900000002	2015	126
87900000002	2013	121
89100000004	2011	51
89100000004	2013	54
89100000004	2015	69
89100000004	2010	57
89100000004	2012	38
89100000004	2014	60
104100000001	2010	39
104100000001	2012	32
104100000001	2011	37
104100000001	2013	34
104100000001	2014	34
104100000001	2015	14
107000000004	2014	43
107000000004	2010	55
107000000004	2011	37
107000000004	2013	41
107000000004	2015	54
107000000004	2012	40
107400000001	2010	157
107400000001	2012	247
107400000001	2013	127
107400000001	2014	140
107400000001	2015	128
107400000001	2011	176
117700000004	2010	61
117700000004	2011	46
117700000004	2012	76
117700000004	2013	56
117700000004	2015	44
117700000004	2014	47
117800000006	2014	138
117800000006	2010	112
117800000006	2011	144
117800000006	2012	158
117800000006	2013	140
117800000006	2015	112
118000000000	2012	24
118000000000	2014	17
118000000000	2015	17
118000000000	2011	24
118000000000	2013	20
118000000000	2010	14
119300000003	2010	383
119300000003	2011	368
119300000003	2012	378
119300000003	2013	393
119300000003	2014	420
119300000003	2015	349
120600000002	2011	44
120600000002	2013	37
120600000002	2015	51
120600000002	2014	67
120600000002	2010	32
120600000002	2012	38
121100000001	2010	60
121100000001	2011	44
121100000001	2012	49
121100000001	2013	36
121100000001	2014	54
121100000001	2015	38
125200000006	2010	238
125200000006	2011	244
125200000006	2012	358
125200000006	2013	286
125200000006	2014	291
125200000006	2015	276
154100000008	2012	60
154100000008	2013	50
154100000008	2014	63
154100000008	2015	54
154100000008	2010	60
154100000008	2011	67
154300000001	2010	38
154300000001	2011	43
154300000001	2012	65
154300000001	2013	66
154300000001	2014	45
154300000001	2015	43
154600000007	2010	60
154600000007	2011	64
154600000007	2014	33
154600000007	2015	72
154600000007	2012	68
154600000007	2013	69
158700000001	2011	83
158700000001	2013	62
158700000001	2014	76
158700000001	2015	115
158700000001	2012	99
158700000001	2010	46
166100000001	2010	25
166100000001	2014	35
166100000001	2013	40
166100000001	2011	27
166100000001	2012	18
166100000001	2015	31
169600000005	2010	31
169600000005	2015	53
169600000005	2013	60
169600000005	2014	61
169600000005	2011	44
169600000005	2012	40
169700000007	2010	174
169700000007	2012	248
169700000007	2014	215
169700000007	2011	192
169700000007	2015	164
169700000007	2013	215
171500000005	2012	58
171500000005	2013	64
171500000005	2015	31
171500000005	2014	45
171500000005	2010	65
171500000005	2011	61
172000000004	2010	99
172000000004	2013	150
172000000004	2015	138
172000000004	2011	131
172000000004	2012	148
172000000004	2014	138
173400000000	2010	11
173400000000	2012	27
173400000000	2015	17
173400000000	2011	20
173400000000	2014	33
173400000000	2013	37
179800000006	2010	27
179800000006	2012	18
179800000006	2014	31
179800000006	2015	39
179800000006	2013	32
179800000006	2011	46
183300000005	2011	172
183300000005	2013	72
183300000005	2015	104
183300000005	2012	87
183300000005	2010	68
183300000005	2014	100
189500000008	2010	49
189500000008	2011	30
189500000008	2012	46
189500000008	2013	53
189500000008	2014	26
189500000008	2015	29
192500000008	2010	34
192500000008	2011	40
192500000008	2012	34
192500000008	2013	26
192500000008	2015	32
192500000008	2014	35
192900000005	2010	42
192900000005	2012	51
192900000005	2014	76
192900000005	2013	57
192900000005	2015	66
192900000005	2011	35
195400000000	2013	124
195400000000	2015	89
195400000000	2010	53
195400000000	2014	76
195400000000	2012	92
195400000000	2011	87
198100000000	2010	488
198100000000	2013	739
198100000000	2015	735
198100000000	2011	554
198100000000	2012	606
198100000000	2014	610
201100000003	2010	231
201100000003	2011	300
201100000003	2012	243
201100000003	2013	258
201100000003	2014	285
201100000003	2015	216
201900000008	2014	64
201900000008	2010	16
201900000008	2013	18
201900000008	2012	19
201900000008	2015	17
201900000008	2011	14
202100000001	2010	13
202100000001	2011	17
202100000001	2012	27
202100000001	2013	25
202100000001	2014	53
202100000001	2015	36
204400000003	2011	192
204400000003	2012	376
204400000003	2013	277
204400000003	2010	163
204400000003	2014	222
204400000003	2015	152
205600000005	2010	82
205600000005	2011	72
205600000005	2013	52
205600000005	2015	89
205600000005	2014	82
205600000005	2012	81
208000000009	2010	23
208000000009	2012	26
208000000009	2013	20
208000000009	2015	22
208000000009	2011	25
208000000009	2014	25
226100000009	2013	43
226100000009	2011	27
226100000009	2010	37
226100000009	2014	29
226100000009	2015	32
226100000009	2012	29
246100000003	2010	89
246100000003	2011	126
246100000003	2012	101
246100000003	2014	114
246100000003	2013	110
246100000003	2015	54
246300000007	2015	135
246300000007	2013	208
246300000007	2014	240
246300000007	2010	133
246300000007	2012	200
246300000007	2011	196
247500000009	2011	149
247500000009	2010	106
247500000009	2012	117
247500000009	2013	104
247500000009	2014	74
247500000009	2015	37
273000000009	2014	25
273000000009	2011	29
273000000009	2012	31
273000000009	2013	31
273000000009	2010	27
273000000009	2015	12
281100000001	2013	112
281100000001	2010	39
281100000001	2011	57
281100000001	2012	72
281100000001	2014	88
281100000001	2015	96
281500000009	2013	34
281500000009	2014	25
281500000009	2010	30
281500000009	2011	38
281500000009	2012	33
281500000009	2015	34
286700000003	2010	105
286700000003	2011	36
286700000003	2013	39
286700000003	2014	33
286700000003	2015	13
286700000003	2012	35
288200000000	2013	25
288200000000	2010	37
288200000000	2011	22
288200000000	2012	34
288200000000	2015	18
288200000000	2014	34
294800000006	2010	72
294800000006	2011	152
294800000006	2012	69
294800000006	2014	51
294800000006	2013	61
294800000006	2015	33
295500000009	2011	20
295500000009	2012	43
295500000009	2014	26
295500000009	2010	24
295500000009	2013	17
295500000009	2015	16
301700000000	2011	21
301700000000	2014	34
301700000000	2015	24
301700000000	2012	29
301700000000	2013	36
301700000000	2010	25
306200000002	2011	150
306200000002	2012	199
306200000002	2013	185
306200000002	2015	155
306200000002	2010	197
306200000002	2014	182
308200000009	2010	49
308200000009	2012	37
308200000009	2011	46
308200000009	2014	31
308200000009	2013	39
308200000009	2015	13
309500000002	2011	77
309500000002	2015	70
309500000002	2012	58
309500000002	2013	68
309500000002	2010	76
309500000002	2014	56
312800000008	2011	29
312800000008	2010	21
312800000008	2012	32
312800000008	2013	29
312800000008	2014	32
312800000008	2015	40
319000000000	2011	64
319000000000	2012	75
319000000000	2013	94
319000000000	2015	50
319000000000	2014	76
319000000000	2010	62
340900000005	2010	40
340900000005	2011	56
340900000005	2012	66
340900000005	2014	63
340900000005	2013	43
340900000005	2015	41
342800000000	2013	216
342800000000	2010	142
342800000000	2012	177
342800000000	2015	211
342800000000	2011	154
342800000000	2014	175
342900000001	2010	52
342900000001	2013	42
342900000001	2014	46
342900000001	2012	23
342900000001	2011	44
342900000001	2015	62
350700000009	2010	48
350700000009	2012	51
350700000009	2013	115
350700000009	2014	69
350700000009	2015	67
350700000009	2011	52
361800000006	2010	18
361800000006	2011	22
361800000006	2012	39
361800000006	2013	15
361800000006	2015	26
361800000006	2014	29
363100000000	2012	319
363100000000	2013	257
363100000000	2014	215
363100000000	2010	194
363100000000	2015	257
363100000000	2011	252
377800000002	2013	154
377800000002	2015	83
377800000002	2012	71
377800000002	2014	68
377800000002	2011	52
377800000002	2010	49
387300000000	2013	122
387300000000	2015	118
387300000000	2011	87
387300000000	2012	94
387300000000	2014	103
387300000000	2010	83
390600000006	2011	23
390600000006	2012	14
390600000006	2015	20
390600000006	2014	20
390600000006	2010	29
390600000006	2013	21
408800000006	2010	271
408800000006	2011	515
408800000006	2013	796
408800000006	2015	736
408800000006	2012	159
408800000006	2014	165
408900000008	2010	237
408900000008	2011	352
408900000008	2013	333
408900000008	2014	391
408900000008	2012	305
408900000008	2015	334
410300000009	2012	100
410300000009	2014	80
410300000009	2015	131
410300000009	2010	72
410300000009	2011	80
410300000009	2013	147
412700000002	2010	215
412700000002	2011	201
412700000002	2012	221
412700000002	2013	237
412700000002	2014	249
412700000002	2015	215
420700000003	2012	54
420700000003	2014	35
420700000003	2015	12
420700000003	2011	20
420700000003	2010	34
420700000003	2013	35
422900000003	2013	38
422900000003	2015	32
422900000003	2011	17
422900000003	2012	12
422900000003	2010	19
422900000003	2014	11
423400000002	2011	29
423400000002	2015	43
423400000002	2013	25
423400000002	2014	19
423400000002	2012	30
423400000002	2010	28
426500000009	2014	30
426500000009	2010	12
426500000009	2011	12
426500000009	2013	18
426500000009	2012	23
426500000009	2015	21
428800000000	2014	52
428800000000	2010	54
428800000000	2012	66
428800000000	2013	83
428800000000	2015	32
428800000000	2011	41
431100000008	2010	156
431100000008	2014	72
431100000008	2011	63
431100000008	2012	71
431100000008	2013	84
431100000008	2015	70
431200000000	2012	36
431200000000	2013	47
431200000000	2015	18
431200000000	2010	32
431200000000	2011	48
431200000000	2014	34
431900000002	2011	182
431900000002	2014	204
431900000002	2010	138
431900000002	2012	161
431900000002	2013	168
431900000002	2015	191
434800000005	2012	133
434800000005	2015	65
434800000005	2011	120
434800000005	2010	88
434800000005	2014	89
434800000005	2013	116
438500000002	2011	34
438500000002	2015	37
438500000002	2012	30
438500000002	2010	36
438500000002	2013	41
438500000002	2014	37
438600000004	2013	28
438600000004	2012	35
438600000004	2011	26
438600000004	2014	33
438600000004	2010	29
438600000004	2015	24
442500000000	2015	22
442500000000	2013	39
442500000000	2012	11
442500000000	2014	21
442500000000	2011	22
442500000000	2010	12
445200000000	2013	37
445200000000	2011	23
445200000000	2010	26
445200000000	2012	12
445200000000	2014	33
445200000000	2015	38
446900000000	2011	432
446900000000	2013	393
446900000000	2015	345
446900000000	2010	406
446900000000	2012	488
446900000000	2014	447
460900000006	2011	149
460900000006	2012	172
460900000006	2010	130
460900000006	2013	170
460900000006	2015	160
460900000006	2014	183
475600000009	2010	71
475600000009	2011	75
475600000009	2014	131
475600000009	2012	75
475600000009	2013	79
475600000009	2015	90
478800000007	2010	226
478800000007	2011	186
478800000007	2012	210
478800000007	2013	158
478800000007	2014	158
478800000007	2015	163
498300000002	2010	38
498300000002	2011	44
498300000002	2012	33
498300000002	2013	43
498300000002	2014	55
498300000002	2015	23
501100000002	2010	45
501100000002	2015	57
501100000002	2012	34
501100000002	2014	56
501100000002	2013	48
501100000002	2011	58
501600000001	2012	139
501600000001	2014	152
501600000001	2010	175
501600000001	2011	99
501600000001	2013	141
501600000001	2015	90
502700000001	2013	30
502700000001	2014	30
502700000001	2011	17
502700000001	2012	19
502700000001	2010	25
502700000001	2015	21
505800000008	2010	57
505800000008	2012	76
505800000008	2015	72
505800000008	2011	51
505800000008	2014	81
505800000008	2013	61
506700000004	2015	79
506700000004	2010	65
506700000004	2011	97
506700000004	2013	71
506700000004	2014	72
506700000004	2012	68
511300000003	2011	161
511300000003	2012	100
511300000003	2013	168
511300000003	2014	184
511300000003	2015	395
511300000003	2010	114
520900000003	2010	34
520900000003	2013	32
520900000003	2014	50
520900000003	2015	28
520900000003	2011	39
520900000003	2012	44
528700000005	2012	26
528700000005	2010	12
528700000005	2015	25
528700000005	2011	25
528700000005	2013	19
528700000005	2014	23
530400000001	2010	26
530400000001	2013	24
530400000001	2014	28
530400000001	2015	21
530400000001	2011	20
530400000001	2012	31
531000000002	2010	31
531000000002	2013	85
531000000002	2015	63
531000000002	2011	39
531000000002	2012	39
531000000002	2014	51
551400000004	2010	38
551400000004	2011	27
551400000004	2013	22
551400000004	2012	32
551400000004	2014	27
551400000004	2015	20
553800000008	2012	396
553800000008	2013	411
553800000008	2014	442
553800000008	2015	366
553800000008	2010	309
553800000008	2011	363
554300000007	2010	279
554300000007	2011	216
554300000007	2012	197
554300000007	2013	194
554300000007	2014	141
554300000007	2015	134
558800000009	2012	25
558800000009	2010	32
558800000009	2014	29
558800000009	2013	33
558800000009	2011	21
558800000009	2015	32
567100000005	2011	34
567100000005	2012	20
567100000005	2013	30
567100000005	2010	28
567100000005	2015	20
567100000005	2014	38
567200000007	2014	91
567200000007	2010	101
567200000007	2012	122
567200000007	2013	124
567200000007	2011	93
567200000007	2015	73
572000000000	2014	108
572000000000	2015	108
572000000000	2010	58
572000000000	2011	41
572000000000	2012	50
572000000000	2013	48
577000000000	2010	45
577000000000	2011	41
577000000000	2015	43
577000000000	2013	54
577000000000	2012	55
577000000000	2014	49
577300000006	2011	153
577300000006	2010	149
577300000006	2012	179
577300000006	2013	172
577300000006	2014	168
577300000006	2015	199
579800000001	2014	34
579800000001	2015	23
579800000001	2010	32
579800000001	2012	29
579800000001	2013	37
579800000001	2011	31
583400000002	2010	24
583400000002	2011	23
583400000002	2012	25
583400000002	2013	30
583400000002	2014	15
583400000002	2015	13
583900000001	2012	110
583900000001	2013	34
583900000001	2014	20
583900000001	2015	19
583900000001	2011	22
583900000001	2010	19
584200000007	2012	82
584200000007	2013	154
584200000007	2015	49
584200000007	2014	67
584200000007	2010	80
584200000007	2011	93
586600000000	2015	18
586600000000	2010	24
586600000000	2011	21
586600000000	2012	37
586600000000	2013	17
586600000000	2014	11
623800000002	2010	61
623800000002	2013	56
623800000002	2014	41
623800000002	2011	58
623800000002	2012	46
623800000002	2015	14
627100000002	2014	66
627100000002	2015	57
627100000002	2012	64
627100000002	2011	31
627100000002	2010	24
627100000002	2013	44
653900000006	2015	34
653900000006	2011	25
653900000006	2012	36
653900000006	2013	23
653900000006	2014	46
653900000006	2010	26
661500000000	2013	41
661500000000	2015	32
661500000000	2012	34
661500000000	2011	36
661500000000	2014	29
661500000000	2010	33
749000000008	2014	202
749000000008	2015	208
749000000008	2012	216
749000000008	2013	210
749000000008	2010	203
749000000008	2011	181
754000000004	2013	62
754000000004	2014	55
754000000004	2010	61
754000000004	2011	55
754000000004	2012	55
754000000004	2015	59
768700000007	2010	73
768700000007	2011	88
768700000007	2012	77
768700000007	2013	78
768700000007	2014	83
768700000007	2015	77
769300000008	2011	141
769300000008	2013	164
769300000008	2015	158
769300000008	2014	175
769300000008	2010	128
769300000008	2012	148
778500000000	2011	421
778500000000	2013	191
778500000000	2015	126
778500000000	2010	252
778500000000	2012	192
778500000000	2014	165
780900000000	2013	77
780900000000	2014	54
780900000000	2010	51
780900000000	2011	61
780900000000	2012	39
780900000000	2015	20
785800000009	2010	86
785800000009	2015	55
785800000009	2011	75
785800000009	2012	70
785800000009	2013	84
785800000009	2014	91
802500000007	2011	17
802500000007	2010	19
802500000007	2013	20
802500000007	2014	20
802500000007	2012	15
802500000007	2015	15
802600000009	2013	69
802600000009	2014	29
802600000009	2011	28
802600000009	2012	42
802600000009	2010	42
802600000009	2015	40
807700000001	2011	79
807700000001	2012	92
807700000001	2015	84
807700000001	2010	80
807700000001	2013	80
807700000001	2014	83
810400000006	2010	51
810400000006	2012	66
810400000006	2013	84
810400000006	2014	74
810400000006	2015	85
810400000006	2011	46
811900000003	2010	62
811900000003	2014	55
811900000003	2015	54
811900000003	2012	68
811900000003	2011	60
811900000003	2013	25
819000000002	2014	24
819000000002	2015	24
819000000002	2012	24
819000000002	2013	18
819000000002	2011	26
819000000002	2010	26
822900000009	2011	90
822900000009	2012	102
822900000009	2013	88
822900000009	2015	51
822900000009	2010	107
822900000009	2014	91
823700000003	2011	58
823700000003	2013	82
823700000003	2014	85
823700000003	2015	87
823700000003	2012	87
823700000003	2010	56
829000000000	2012	186
829000000000	2014	202
829000000000	2015	148
829000000000	2010	130
829000000000	2011	154
829000000000	2013	193
831200000005	2014	88
831200000005	2015	85
831200000005	2011	106
831200000005	2012	61
831200000005	2013	81
831200000005	2010	70
832500000009	2011	459
832500000009	2013	455
832500000009	2014	411
832500000009	2015	431
832500000009	2010	440
832500000009	2012	394
833700000000	2010	30
833700000000	2011	31
833700000000	2015	25
833700000000	2012	38
833700000000	2013	37
833700000000	2014	26
841500000008	2013	240
841500000008	2015	266
841500000008	2011	106
841500000008	2010	76
841500000008	2012	97
841500000008	2014	159
841600000000	2013	32
841600000000	2010	27
841600000000	2012	37
841600000000	2015	28
841600000000	2011	28
841600000000	2014	25
867100000004	2010	295
867100000004	2011	261
867100000004	2013	272
867100000004	2014	268
867100000004	2015	258
867100000004	2012	264
869900000005	2010	76
869900000005	2011	80
869900000005	2012	64
869900000005	2013	46
869900000005	2014	58
869900000005	2015	55
870100000004	2010	93
870100000004	2011	160
870100000004	2012	149
870100000004	2013	147
870100000004	2014	122
870100000004	2015	160
870300000008	2013	36
870300000008	2010	31
870300000008	2011	30
870300000008	2014	44
870300000008	2015	40
870300000008	2012	26
870400000000	2011	95
870400000000	2013	89
870400000000	2014	94
870400000000	2015	101
870400000000	2010	61
870400000000	2012	101
874100000007	2011	39
874100000007	2013	31
874100000007	2010	26
874100000007	2012	41
874100000007	2014	34
874100000007	2015	32
877900000006	2013	19
877900000006	2010	28
877900000006	2011	13
877900000006	2012	25
877900000006	2014	11
877900000006	2015	15
880000000000	2010	82
880000000000	2011	74
880000000000	2012	132
880000000000	2014	158
880000000000	2013	141
880000000000	2015	143
884900000009	2010	84
884900000009	2011	126
884900000009	2014	85
884900000009	2015	93
884900000009	2012	129
884900000009	2013	106
885300000006	2015	39
885300000006	2011	46
885300000006	2013	52
885300000006	2014	77
885300000006	2012	44
885300000006	2010	32
885400000008	2014	62
885400000008	2015	36
885400000008	2010	30
885400000008	2011	34
885400000008	2012	47
885400000008	2013	56
891200000009	2011	59
891200000009	2010	59
891200000009	2012	42
891200000009	2013	58
891200000009	2014	53
891200000009	2015	59
891300000000	2010	127
891300000000	2011	48
891300000000	2012	121
891300000000	2013	47
891300000000	2015	29
891300000000	2014	37
892700000006	2010	46
892700000006	2012	65
892700000006	2013	75
892700000006	2014	82
892700000006	2015	53
892700000006	2011	50
894500000009	2010	105
894500000009	2014	90
894500000009	2011	36
894500000009	2012	42
894500000009	2015	94
894500000009	2013	39
898500000001	2012	99
898500000001	2015	25
898500000001	2010	29
898500000001	2011	29
898500000001	2013	23
898500000001	2014	27
985600042380	2011	17
985600042380	2012	18
985600042380	2010	25
985600042380	2015	10
985600042380	2013	18
985600042380	2014	13
985600043360	2010	58
985600043360	2011	35
985600043360	2012	40
985600043360	2013	45
985600043360	2015	24
985600043360	2014	43
985600169126	2012	112
985600169126	2010	25
985600169126	2011	22
985600169126	2013	29
985600169126	2014	16
985600169126	2015	21
985601000990	2010	66
985601000990	2011	72
985601000990	2014	93
985601000990	2015	44
985601000990	2012	76
985601000990	2013	68
F3V900000009	2014	123
F3V900000009	2010	83
F3V900000009	2012	124
F3V900000009	2011	99
F3V900000009	2013	118
F3V900000009	2015	182
I22A00000002	2013	162
I22A00000002	2011	140
I22A00000002	2012	156
I22A00000002	2014	129
I22A00000002	2010	156
I22A00000002	2015	119
I3CJ00000006	2011	228
I3CJ00000006	2015	266
I3CJ00000006	2010	192
I3CJ00000006	2012	273
I3CJ00000006	2013	288
I3CJ00000006	2014	279
IW1X00000000	2013	17
IW1X00000000	2015	16
IW1X00000000	2010	27
IW1X00000000	2011	21
IW1X00000000	2012	21
IW1X00000000	2014	15
IW3C00000004	2011	20
IW3C00000004	2012	48
IW3C00000004	2014	22
IW3C00000004	2010	28
IW3C00000004	2013	24
IW3C00000004	2015	26
IW9W00000003	2011	47
IW9W00000003	2014	25
IW9W00000003	2013	50
IW9W00000003	2010	41
IW9W00000003	2015	21
IW9W00000003	2012	45
IWU400000003	2011	601
IWU400000003	2012	489
IWU400000003	2013	544
IWU400000003	2014	635
IWU400000003	2015	607
IWU400000003	2010	477
IX2400000007	2010	17
IX2400000007	2014	46
IX2400000007	2013	31
IX2400000007	2015	44
IX2400000007	2012	34
IX2400000007	2011	39
IXXU00000008	2010	111
IXXU00000008	2013	112
IXXU00000008	2011	100
IXXU00000008	2012	98
IXXU00000008	2015	94
IXXU00000008	2014	107
IY5300000007	2010	74
IY5300000007	2012	80
IY5300000007	2011	57
IY5300000007	2014	57
IY5300000007	2015	53
IY5300000007	2013	64
IYIC00000000	2013	23
IYIC00000000	2014	21
IYIC00000000	2012	19
IYIC00000000	2010	26
IYIC00000000	2015	14
IYIC00000000	2011	16
IYZQ00000002	2012	33
IYZQ00000002	2015	42
IYZQ00000002	2010	29
IYZQ00000002	2013	41
IYZQ00000002	2011	22
IYZQ00000002	2014	29
IZCF00000003	2010	271
IZCF00000003	2015	324
IZCF00000003	2011	298
IZCF00000003	2012	283
IZCF00000003	2013	331
IZCF00000003	2014	372
IZEE00000008	2010	71
IZEE00000008	2011	115
IZEE00000008	2013	109
IZEE00000008	2015	308
IZEE00000008	2012	25
IZEE00000008	2014	22
IZEO00000008	2011	82
IZEO00000008	2010	77
IZEO00000008	2012	77
IZEO00000008	2014	76
IZEO00000008	2013	92
IZEO00000008	2015	46
J01700000009	2013	41
J01700000009	2014	28
J01700000009	2015	26
J01700000009	2011	21
J01700000009	2012	29
J01700000009	2010	24
J1GS00000009	2015	15
J1GS00000009	2010	16
J1GS00000009	2012	16
J1GS00000009	2013	20
J1GS00000009	2014	20
J1GS00000009	2011	19
J1HP00000001	2015	138
J1HP00000001	2012	71
J1HP00000001	2010	39
J1HP00000001	2013	81
J1HP00000001	2014	73
J1HP00000001	2011	53
J1JP00000008	2012	44
J1JP00000008	2013	36
J1JP00000008	2014	21
J1JP00000008	2011	31
J1JP00000008	2010	23
J1JP00000008	2015	14
J1OR00000000	2010	67
J1OR00000000	2012	43
J1OR00000000	2013	62
J1OR00000000	2011	48
J1OR00000000	2014	46
J1OR00000000	2015	46
J1OU00000008	2014	21
J1OU00000008	2010	23
J1OU00000008	2011	31
J1OU00000008	2012	32
J1OU00000008	2013	11
J1OU00000008	2015	21
J1SS00000005	2011	118
J1SS00000005	2012	103
J1SS00000005	2013	182
J1SS00000005	2014	167
J1SS00000005	2015	94
J1SS00000005	2010	133
J2HF00000009	2010	52
J2HF00000009	2011	95
J2HF00000009	2012	69
J2HF00000009	2013	181
J2HF00000009	2014	150
J2HF00000009	2015	67
J32200000000	2010	190
J32200000000	2013	138
J32200000000	2011	162
J32200000000	2012	162
J32200000000	2014	126
J32200000000	2015	128
J3E400000000	2011	23
J3E400000000	2012	23
J3E400000000	2014	20
J3E400000000	2010	15
J3E400000000	2015	17
J3E400000000	2013	14
J3UC00000003	2014	48
J3UC00000003	2015	73
J3UC00000003	2010	57
J3UC00000003	2011	65
J3UC00000003	2013	61
J3UC00000003	2012	56
J3Y700000005	2012	18
J3Y700000005	2010	25
J3Y700000005	2014	16
J3Y700000005	2011	10
J3Y700000005	2013	20
J3Y700000005	2015	35
J41C00000009	2010	51
J41C00000009	2013	47
J41C00000009	2012	21
J41C00000009	2011	47
J41C00000009	2015	43
J41C00000009	2014	29
J4D600000002	2012	94
J4D600000002	2011	64
J4D600000002	2014	53
J4D600000002	2015	41
J4D600000002	2010	56
J4D600000002	2013	46
J7ZP00000009	2015	57
J7ZP00000009	2012	48
J7ZP00000009	2014	59
J7ZP00000009	2013	40
J7ZP00000009	2010	36
J7ZP00000009	2011	42
J8E800000003	2010	20
J8E800000003	2011	47
J8E800000003	2012	46
J8E800000003	2014	116
J8E800000003	2013	34
J8E800000003	2015	24
J8LU00000004	2011	132
J8LU00000004	2012	56
J8LU00000004	2013	151
J8LU00000004	2014	72
J8LU00000004	2015	91
J8LU00000004	2010	29
J93M00000001	2011	68
J93M00000001	2013	66
J93M00000001	2012	24
J93M00000001	2014	35
J93M00000001	2015	24
J93M00000001	2010	29
J9GC00000006	2010	60
J9GC00000006	2011	20
J9GC00000006	2012	28
J9GC00000006	2013	25
J9GC00000006	2014	28
J9GC00000006	2015	23
JA2300000000	2012	52
JA2300000000	2011	27
JA2300000000	2013	15
JA2300000000	2014	14
JA2300000000	2015	15
JA2300000000	2010	10
JI7500000002	2010	54
JI7500000002	2011	21
JI7500000002	2012	39
JI7500000002	2014	43
JI7500000002	2015	43
JI7500000002	2013	38
JIDJ00000007	2011	29
JIDJ00000007	2015	29
JIDJ00000007	2010	28
JIDJ00000007	2012	31
JIDJ00000007	2013	49
JIDJ00000007	2014	36
JL8W00000004	2011	54
JL8W00000004	2013	81
JL8W00000004	2015	71
JL8W00000004	2014	62
JL8W00000004	2012	48
JL8W00000004	2010	33
JLDY00000007	2012	27
JLDY00000007	2013	31
JLDY00000007	2011	27
JLDY00000007	2014	29
JLDY00000007	2015	14
JLDY00000007	2010	16
JNTM00000007	2010	19
JNTM00000007	2013	17
JNTM00000007	2014	18
JNTM00000007	2011	25
JNTM00000007	2012	16
JNTM00000007	2015	12
